{
  "employees": [
    {
      "id": "1",
      "first_name": "Gowtham",
      "last_name": "Krishna",
      "email": "gowthamkrishna@gmail.com"
    },
    {
      "id": "2",
      "first_name": "Vignesh",
      "last_name": "Sharma",
      "email": "vicky594@gmail.com"
    },
    {
      "id": "3",
      "first_name": "Sreeni",
      "last_name": "Vijay",
      "email": "sreenivijay@gmail.com"
    },
    {
      "id": "4",
      "first_name": "Vijaya",
      "last_name": "Sreenivasan",
      "email": "vijayasreenivasan@gmail.com"
    }
  ]
}