{
  "hash": "54ff07a3",
  "configHash": "cfc1396c",
  "lockfileHash": "bbd37f96",
  "browserHash": "e6a5fe70",
  "optimized": {
    "@angular/core": {
      "src": "../../../../../node_modules/@angular/core/fesm2022/core.mjs",
      "file": "@angular_core.js",
      "fileHash": "e8e62109",
      "needsInterop": false
    },
    "@angular/platform-browser": {
      "src": "../../../../../node_modules/@angular/platform-browser/fesm2022/platform-browser.mjs",
      "file": "@angular_platform-browser.js",
      "fileHash": "aa5f576b",
      "needsInterop": false
    },
    "@angular/router": {
      "src": "../../../../../node_modules/@angular/router/fesm2022/router.mjs",
      "file": "@angular_router.js",
      "fileHash": "c5588fe2",
      "needsInterop": false
    }
  },
  "chunks": {
    "chunk-64JXCZWC": {
      "file": "chunk-64JXCZWC.js"
    },
    "chunk-ZU5J2OK7": {
      "file": "chunk-ZU5J2OK7.js"
    }
  }
}